indicator,ROC-AUC,AP,NDCG10,Precision10,Recall10,NDCG20,Precision20,Recall20,NDCG30,Precision30,Recall30,NDCG40,Precision40,Recall40,NDCG50,Precision50,Recall50,tie_count,rank_biserial,ci_low,ci_high
h2upper_index,0.6960348397229956,0.6643185033288652,0.6636226319219157,0.680672268907563,0.1330049261083744,0.6862108836724418,0.70042194092827,0.2725779967159277,0.6961295278097441,0.7078651685393258,0.4137931034482758,0.6790031012900797,0.6835443037974683,0.5320197044334976,0.6734007742445337,0.6756756756756757,0.6568144499178982,138,0.3920696794459912,0.3246076247590491,0.451960019990005
k index,0.6949425287356322,0.6673902166588006,0.6503926215928351,0.7310924369747899,0.1428571428571428,0.6976420460559315,0.7510548523206751,0.2922824302134647,0.7046307764547942,0.7415730337078652,0.4334975369458128,0.6908841970349612,0.7151898734177216,0.5566502463054187,0.668372814430431,0.6824324324324325,0.6633825944170771,170,0.3898850574712644,0.3253728135932033,0.4500494752623688
Ar index,0.6521653458984794,0.6173008110868567,0.6355519016189896,0.6470588235294118,0.1264367816091954,0.6397336516492387,0.6455696202531646,0.2512315270935961,0.6436186399257128,0.648876404494382,0.3793103448275862,0.6318980725345986,0.6329113924050633,0.4926108374384236,0.6311217178282371,0.6317567567567568,0.6141215106732348,178,0.3043306917969588,0.2421696294709789,0.3658829870778896
gf index,0.6469622331691297,0.6113295180165559,0.629468009522843,0.6470588235294117,0.1264367816091954,0.6319341112709203,0.6413502109704642,0.2495894909688013,0.631763484226425,0.6376404494382022,0.3727422003284072,0.6275414790265247,0.631082981715893,0.4911877394636015,0.6209576979752691,0.6221846846846847,0.6048166392993979,990,0.2939244663382594,0.2316867994574141,0.3536185478689225
pi index,0.6430013564646248,0.6067829095712112,0.623436363599211,0.6302521008403361,0.1231527093596059,0.6142413725328064,0.6160337552742616,0.2397372742200328,0.6207236301754662,0.6235955056179775,0.3645320197044335,0.6187250362727966,0.620253164556962,0.4827586206896552,0.6174127252689314,0.6182432432432432,0.6009852216748769,264,0.2860027129292495,0.2245155993431855,0.3488970514742629
Cite/Paper,0.6378667808952666,0.61463265065962,0.6208448250951809,0.6470588235294118,0.1264367816091954,0.6400279897920876,0.6582278481012658,0.2561576354679803,0.637121641427731,0.648876404494382,0.3793103448275862,0.6401951439004732,0.6497890295358649,0.5057471264367817,0.6120950927672113,0.6131756756756757,0.5960591133004927,128,0.2757335617905332,0.2094826872278146,0.3380089241093738
fractional g index,0.6435125294495609,0.6073454834515022,0.619919780566491,0.6386554621848739,0.1247947454844006,0.6244179716726731,0.6343178621659633,0.2468527640941433,0.622690616949537,0.6284109149277689,0.3673469387755102,0.6252864233807762,0.6301989150090415,0.490499648135116,0.6198006278104626,0.6225311850311851,0.6051534672224328,998,0.2870250588991219,0.224831227243521,0.3483025630042121
A index,0.6714399942885699,0.6325280961241495,0.6124168654814477,0.6638655462184874,0.1297208538587849,0.6496834593664222,0.6835443037974683,0.2660098522167488,0.6560289134435736,0.6797752808988764,0.3973727422003284,0.6347924569863655,0.6476793248945147,0.5041050903119869,0.6293860701833128,0.6385135135135135,0.6206896551724138,194,0.3428799885771398,0.2813250517598344,0.4041031627043621
g index,0.6135103876633112,0.5825321639270713,0.5636738012687137,0.5512605042016806,0.1077175697865353,0.5792134125179543,0.5768535262206147,0.2244897959183673,0.5914887846044131,0.5926966292134831,0.3464696223316913,0.5901566771119541,0.5907172995780591,0.4597701149425287,0.6062948701039591,0.6105480480480481,0.5935048348841453,947,0.2270207753266224,0.1650138502177482,0.2884749767973154
HI_index,0.60784036553152,0.5765937935055989,0.5626052320019853,0.5714285714285714,0.1116584564860427,0.5854360620435932,0.5949367088607594,0.2315270935960591,0.5864843154122122,0.5926966292134831,0.3464696223316913,0.5911843404577776,0.5970464135021097,0.4646962233169129,0.5915088964576537,0.5962837837837838,0.5796387520525451,182,0.2156807310630399,0.1519256086242593,0.2792815021060898
cites/author,0.6354665524380667,0.5928654181994567,0.5613455609143183,0.5798319327731093,0.1133004926108374,0.5853384444570321,0.5991561181434599,0.2331691297208538,0.6107527134701629,0.6264044943820225,0.3661740558292282,0.605419388874481,0.6160337552742616,0.4794745484400657,0.604988534971303,0.6131756756756757,0.5960591133004927,119,0.2709331048761334,0.2068030270578997,0.3336241879060468
e index,0.6489812236738774,0.601763812012129,0.5548905976440441,0.6050420168067226,0.1182266009852216,0.5967239719432758,0.6329113924050633,0.2463054187192118,0.5990286764591544,0.6235955056179775,0.3645320197044335,0.6114470437167684,0.6329113924050633,0.4926108374384236,0.6070624518017479,0.6233108108108109,0.6059113300492611,270,0.2979624473477549,0.2359405297351323,0.3616325408724209
hi index,0.6146126936531734,0.5800104554389889,0.5469782955620874,0.5546218487394958,0.1083743842364532,0.5930861739399266,0.6075949367088608,0.2364532019704433,0.5962199262584383,0.6067415730337079,0.354679802955665,0.6005965792538309,0.609704641350211,0.4745484400656814,0.5973398160722886,0.6038851351351351,0.5870279146141215,365,0.2292253873063467,0.1652334547012207,0.2934128649960733
hi index s,0.6146041265081744,0.5800104554389889,0.5469782955620874,0.5546218487394958,0.1083743842364532,0.5930861739399266,0.6075949367088608,0.2364532019704433,0.5962199262584383,0.6067415730337079,0.354679802955665,0.6005965792538309,0.609704641350211,0.4745484400656814,0.5973398160722886,0.6038851351351351,0.5870279146141215,364,0.2292082530163488,0.1652333833083457,0.2933790247733275
weighted h index,0.6386977939601628,0.5907614225743417,0.5400930286230591,0.5798319327731093,0.1133004926108374,0.5679163219961965,0.5949367088607594,0.2315270935960591,0.5937083177961635,0.6179775280898876,0.361247947454844,0.598587781117937,0.6181434599156118,0.4811165845648604,0.6032305712947268,0.6199324324324325,0.6026272577996716,257,0.2773955879203256,0.2160136360391232,0.3407535517955307
h dash index,0.6462854287142143,0.5961201592114724,0.5394359389683693,0.5966386554621849,0.1165845648604269,0.5843312778109258,0.6244725738396625,0.2430213464696223,0.5900086209502318,0.6179775280898876,0.361247947454844,0.6058546629188979,0.630801687763713,0.4909688013136289,0.603760864937902,0.6233108108108109,0.6059113300492611,169,0.2925708574284287,0.2309016206182622,0.3562363104162203
P index,0.6838937674020132,0.6264630240599753,0.5356609042992527,0.5966386554621849,0.1165845648604269,0.6201535098862112,0.6708860759493671,0.2610837438423645,0.6386954227985833,0.6769662921348315,0.3957307060755337,0.6365156544000717,0.6645569620253164,0.5172413793103449,0.6350876341113767,0.6570945945945946,0.638752052545156,151,0.3677875348040265,0.3053268365817091,0.4263561076604554
R index,0.6369872206753766,0.5884783961038771,0.5310875048441288,0.5714285714285714,0.1116584564860427,0.5658937331139152,0.5949367088607594,0.2315270935960591,0.5942818778538002,0.6207865168539326,0.3628899835796387,0.5939105948894966,0.6139240506329114,0.4778325123152709,0.6007152931932428,0.6182432432432432,0.6009852216748769,229,0.2739744413507532,0.2119265367316342,0.3371559220389805
h core citation,0.6369872206753766,0.5884783961038771,0.5310875048441288,0.5714285714285714,0.1116584564860427,0.5658937331139152,0.5949367088607594,0.2315270935960591,0.5942818778538002,0.6207865168539326,0.3628899835796387,0.5939105948894966,0.6139240506329114,0.4778325123152709,0.6007152931932428,0.6182432432432432,0.6009852216748769,229,0.2739744413507532,0.2119265367316342,0.3371559220389805
hg_index,0.6038637823945171,0.5650487185069946,0.5081020296992284,0.5042016806722689,0.0985221674876847,0.5382986377065092,0.5443037974683544,0.2118226600985221,0.5721031385994805,0.5842696629213483,0.3415435139573071,0.5863465497255451,0.5991561181434599,0.4663382594417077,0.5915348594743838,0.6030405405405406,0.5862068965517241,511,0.2077275647890342,0.1435770686085529,0.2707359177554079
m index,0.6422217462697223,0.589756357567585,0.5077679021619604,0.5735294117647058,0.1120689655172413,0.5740209332766326,0.6236286919831224,0.2426929392446634,0.5849642737175608,0.6202247191011236,0.3625615763546798,0.5898366831961347,0.6174402250351617,0.4805692391899288,0.5970376771614299,0.620945945945946,0.6036124794745484,767,0.2844434925394445,0.2194098664953238,0.3463002070393373
k norm index,0.6217377025772828,0.5754102407553331,0.506006900411617,0.5294117647058824,0.1034482758620689,0.5551847590814111,0.5780590717299579,0.2249589490968801,0.5936422276676607,0.6179775280898876,0.361247947454844,0.5899854258898773,0.6075949367088608,0.4729064039408867,0.5823320217428757,0.5945945945945946,0.5779967159277504,169,0.2434754051545655,0.1795128150210609,0.3052732919254659
w norm index,0.6200285571499964,0.5742413773815822,0.5058294997876825,0.5294117647058824,0.1034482758620689,0.5549545956883786,0.5780590717299579,0.2249589490968801,0.5933762578414481,0.6179775280898876,0.361247947454844,0.588070530828881,0.6054852320675106,0.4712643678160919,0.5834423978798117,0.5962837837837838,0.5796387520525451,148,0.2400571142999927,0.1760366959377454,0.3017351324337832
hf index,0.6183979438852003,0.5729263424167876,0.5055245440022565,0.5294117647058824,0.1034482758620689,0.5547892658196069,0.5780590717299579,0.2249589490968801,0.5933369225299963,0.6179775280898876,0.361247947454844,0.5894792114327003,0.6072703667640376,0.4726537829986105,0.5832491125749981,0.5960507921714818,0.5794122643111942,1060,0.2367958877704006,0.1720037124294996,0.2990195616477474
hl norm,0.6185564360676804,0.5729400908607306,0.5055245440022565,0.5294117647058824,0.1034482758620689,0.5548011305244634,0.5780590717299579,0.2249589490968801,0.5933257464964511,0.6179775280898876,0.361247947454844,0.5888480271275666,0.6064942212438086,0.4720496894409938,0.5832317642988883,0.5960507921714818,0.5794122643111941,1060,0.2371128721353608,0.1718537159991433,0.2993993717427001
ha index,0.6314100092810737,0.5817547553957374,0.5009858398178156,0.5319327731092437,0.1039408866995073,0.5505327872604471,0.5775527426160335,0.2247619047619046,0.5750790145882055,0.5996110630942091,0.3505115574081091,0.5921994409378831,0.6146543330087633,0.4784009094353921,0.6039398278746108,0.6246380308880308,0.6072015012901713,1117,0.2628200185621474,0.2002105375883486,0.3242977082887128
Maxprod,0.6343928035982009,0.5820290709198501,0.5001957037544226,0.5378151260504201,0.1050903119868637,0.553578069639131,0.5864978902953587,0.2282430213464696,0.5874325040867326,0.6179775280898876,0.361247947454844,0.5951425218448568,0.620253164556962,0.4827586206896552,0.5962654487944234,0.6165540540540541,0.5993431855500821,368,0.2687856071964019,0.2060919540229885,0.3323995145284499
pure h index,0.6042664382094667,0.5644380078939604,0.4994356315820837,0.5042016806722689,0.0985221674876847,0.5444491804895112,0.5569620253164557,0.2167487684729064,0.5739456492240198,0.5898876404494382,0.3448275862068966,0.5851929760957104,0.5998593530239099,0.4668856048166392,0.5833617895370492,0.5945945945945946,0.5779967159277504,325,0.2085328764189333,0.1440942385949882,0.2714545584350682
AWCR,0.6259827229242522,0.5804665983572994,0.4949137773245162,0.5042016806722689,0.0985221674876847,0.547812201694715,0.5654008438818565,0.2200328407224959,0.5758228634006041,0.5955056179775281,0.348111658456486,0.5978553071391013,0.6181434599156118,0.4811165845648604,0.6039268921094244,0.6216216216216216,0.6042692939244664,75,0.2519654458485043,0.1892120368387235,0.3135057471264368
AW_index,0.6262697222817163,0.5776379019670905,0.4935810628604949,0.5210084033613446,0.1018062397372742,0.5468783560765861,0.5738396624472574,0.2233169129720854,0.5736715097917617,0.598314606741573,0.3497536945812808,0.5827291141129927,0.6033755274261603,0.4696223316912972,0.5941084068395438,0.6131756756756757,0.5960591133004927,214,0.2525394445634326,0.1890710359106162,0.3154364246448205
Total Citation,0.6262697222817163,0.5776386169165986,0.4935810628604949,0.5210084033613446,0.1018062397372742,0.5468783560765861,0.5738396624472574,0.2233169129720854,0.5736715097917617,0.598314606741573,0.3497536945812808,0.5827291141129927,0.6033755274261603,0.4696223316912972,0.5941085955350452,0.6131756756756757,0.5960591133004927,221,0.2525394445634326,0.1890686799457413,0.3154474191475691
Real h index,0.5484257871064468,0.5336967669256723,0.4930707092111305,0.4873949579831932,0.0952380952380952,0.5026179733913317,0.5039180229053647,0.1961060286183439,0.5292255212452542,0.5365168539325843,0.3136288998357964,0.5562692051234402,0.5682137834036568,0.4422550629447181,0.5534740818309715,0.5625,0.5467980295566502,749,0.0968515742128937,0.0299279645891339,0.162831084457771
Cite/Year,0.6429114014421361,0.5883676253467182,0.4912531929455836,0.5546218487394958,0.1083743842364532,0.5451251885729919,0.5907172995780591,0.2298850574712643,0.5792340190998847,0.6179775280898876,0.361247947454844,0.6076050680805168,0.6434599156118144,0.5008210180623974,0.6027389660564653,0.6300675675675675,0.6124794745484401,123,0.2858228028842722,0.2235890626115513,0.347464267866067
h_m_index,0.5966673805954165,0.5622757440252087,0.4881472731390984,0.4873949579831932,0.0952380952380952,0.5470093476915264,0.5611814345991561,0.2183908045977011,0.5757168471494124,0.5926966292134831,0.3464696223316913,0.5859880797668725,0.6012658227848101,0.4679802955665024,0.5789235312576159,0.589527027027027,0.5730706075533661,327,0.1933347611908329,0.1288504319268936,0.2560933818804882
hm_index,0.5973313343328336,0.5624328365477325,0.4881472731390984,0.4873949579831932,0.0952380952380952,0.5470093476915264,0.5611814345991561,0.2183908045977011,0.5757168471494124,0.5926966292134831,0.3464696223316913,0.5859880797668725,0.6012658227848101,0.4679802955665024,0.5789235312576159,0.589527027027027,0.5730706075533661,328,0.1946626686656671,0.1296511030199186,0.257632041122296
t index,0.6014635539373171,0.5606185219106634,0.4840668286944534,0.4957983193277311,0.0968801313628899,0.5194879262710665,0.5348101265822786,0.208128078817734,0.5601917335934148,0.5805243445692884,0.3393541324575807,0.5729596679597326,0.5914205344585091,0.4603174603174603,0.5855724536911558,0.6032818532818534,0.5864414731409806,975,0.2029271078746342,0.1383869493824516,0.2651010923109873
hc index,0.6170186335403727,0.5699566746559287,0.4836873939052306,0.5042016806722689,0.0985221674876847,0.5262285923224863,0.5457102672292545,0.2123700054734537,0.5585644298395543,0.5796920516021639,0.3388676032354192,0.5841478958381346,0.6061884669479606,0.4718117131910235,0.5978527999787859,0.6188063063063064,0.6015325670498085,1084,0.2340372670807453,0.1716021275076747,0.2951203683872349
platinium_h_index,0.6591875490826016,0.597738459695256,0.4800621453689244,0.5462184873949579,0.1067323481116584,0.5591091907072723,0.6118143459915611,0.238095238095238,0.5872195975658008,0.6292134831460674,0.367816091954023,0.6121998978092718,0.6497890295358649,0.5057471264367817,0.618742004878359,0.6503378378378378,0.632183908045977,104,0.3183750981652031,0.2557128578567859,0.3793525380167058
V index,0.6115542228885558,0.5697562049965429,0.4790452152443925,0.5252100840336135,0.1026272577996715,0.5191243572804505,0.5527426160337553,0.2151067323481116,0.5782766798508155,0.6151685393258427,0.3596059113300492,0.5916294698781102,0.6223628691983122,0.4844006568144499,0.5925476949484038,0.6173986486486487,0.6001642036124795,358,0.2231084457771115,0.1607361319340329,0.2839248233026342
w index,0.6264553437566931,0.5738232556625159,0.479004972779752,0.5176470588235293,0.1011494252873563,0.5529169073823271,0.5907172995780592,0.2298850574712644,0.5675921426849942,0.5962078651685393,0.3485221674876847,0.5745359453749243,0.5976397679324894,0.4651580459770115,0.5893526836034391,0.6113427257044278,0.5942773294203962,1100,0.2529106875133862,0.190064324980367,0.3174464910401941
woginger_index,0.6719083315485115,0.6048633243327277,0.4770349685182924,0.504201680672269,0.0985221674876847,0.5764775526156446,0.6160337552742616,0.2397372742200328,0.6141155924116184,0.6498127340823969,0.3798576902025177,0.6437699529616524,0.6776738213171896,0.5274505604340688,0.6424098112909981,0.6691947049089906,0.6505143929492979,1060,0.3438166630970229,0.2812370243449704,0.4059364603412579
h(2) index,0.6226429642321697,0.5758415642038338,0.4753582851566593,0.5157563025210085,0.1007799671592775,0.5522243426529946,0.5902808089626074,0.2297151916652511,0.5690665828447027,0.5982477260567148,0.3497145984830714,0.5744010900378468,0.597542814594192,0.4650825847580411,0.5869600447805018,0.6084377059986817,0.5914534022187513,1132,0.2452859284643394,0.1831976868708502,0.3080746769472408
normalized_h_index,0.573376169058328,0.5458463379626888,0.4728231044188835,0.4705882352941176,0.0919540229885057,0.5307876966182552,0.5443037974683543,0.2118226600985221,0.5520891539090831,0.5663623595505618,0.3310755336617406,0.5559652445676825,0.5675105485232067,0.4417077175697865,0.5640660731092373,0.575168918918919,0.5591133004926109,480,0.146752338116656,0.0815620047119298,0.2120764617691155
Rm index,0.6172542300278432,0.5677923491272221,0.4631350163229027,0.4873949579831932,0.0952380952380952,0.5294110233416809,0.5569620253164557,0.2167487684729064,0.5652691532551626,0.5926966292134831,0.3464696223316913,0.5775203854146044,0.6012658227848101,0.4679802955665024,0.5854775612617399,0.606418918918919,0.5894909688013136,130,0.2345084600556863,0.1717197829656599,0.2979749411008781
paper/author,0.5634354251445706,0.5390959353491152,0.4630903544898269,0.5042016806722689,0.0985221674876847,0.5208729712159815,0.5569620253164557,0.2167487684729064,0.5233616574378458,0.547752808988764,0.3201970443349753,0.5306623103059305,0.5506329113924051,0.4285714285714285,0.5502088987259176,0.5709459459459459,0.555008210180624,178,0.1268708502891411,0.0601144427786107,0.1900903833797385
f index,0.5938059541657742,0.5538973777211026,0.4573069488088899,0.4621848739495798,0.090311986863711,0.5051847079563522,0.5189873417721519,0.2019704433497537,0.5535944225521742,0.5749063670411985,0.3360700602079912,0.5694248702116212,0.5893108298171589,0.4586754241926655,0.579252546919366,0.5974532224532224,0.5807755462927876,977,0.1876119083315484,0.1219423145570072,0.2509152566573855
Total Years,0.546848004569144,0.5294172673295436,0.448085654351651,0.4789915966386555,0.0935960591133004,0.4781789725780189,0.50070323488045,0.1948549534756431,0.5078640057295163,0.5298774259448417,0.3097477235408269,0.5277002269263602,0.5486342438374416,0.4270158154005703,0.532635304838632,0.5505912162162162,0.5352216748768472,1003,0.0936960091382879,0.0252611551367173,0.1553291925465839
q2 index,0.6191789819376027,0.5663295961873949,0.4475567631582756,0.4789915966386555,0.0935960591133004,0.5293667133975062,0.5654008438818565,0.2200328407224959,0.5599272797273049,0.5912921348314607,0.3456486042692939,0.5724039826181334,0.5991561181434599,0.4663382594417077,0.5825817526073269,0.606418918918919,0.5894909688013136,331,0.2383579638752053,0.1763599628757049,0.3013356179053331
Gh_index,0.590911687013636,0.5494669382101243,0.4465052811552138,0.4621848739495799,0.090311986863711,0.4947083098469202,0.5147679324894514,0.2003284072249589,0.5459463237467963,0.5721558988764045,0.3344622331691297,0.5620497389246939,0.5854430379746836,0.4556650246305418,0.5713136036653558,0.5920608108108109,0.5755336617405583,1012,0.1818233740272719,0.1169560219890054,0.244286856571714
h index,0.5942400228457201,0.5507124103817908,0.4462597937227339,0.4621848739495799,0.090311986863711,0.4939048135310506,0.5137130801687763,0.1999178981937602,0.5467802075873969,0.5732497839239413,0.3351016799292661,0.5621172590584755,0.5855389336401994,0.4557396626362143,0.573726270244398,0.5950675675675675,0.5784564860426928,1007,0.1884800456914401,0.1230781751981151,0.2521654172913542
Rational h index,0.5954594131505676,0.5518683772926433,0.4461183864123824,0.4621848739495798,0.090311986863711,0.493084723275995,0.5126582278481012,0.1995073891625615,0.546651178701022,0.5730337078651685,0.334975369458128,0.5640296614217889,0.5879043600562587,0.4575807334428023,0.5779518089393226,0.6002252252252253,0.5834701696770663,571,0.1909188263011352,0.1248832726493895,0.2529077604055114
fractional h index,0.6128764189333905,0.5644577322710935,0.4450955224504261,0.4649859943977591,0.0908593322386425,0.5333548383378369,0.5654008438818566,0.2200328407224959,0.5799857069381087,0.613061797752809,0.3583743842364532,0.5799619338946127,0.6047819971870604,0.4707170224411603,0.5744800703954234,0.5929703742203742,0.5764178350385247,1023,0.225752837866781,0.1618136645962733,0.2880927393446134
i10 index,0.5878303705290213,0.5414410801585356,0.4386788717769618,0.4509803921568627,0.0881226053639846,0.4706297540465913,0.4866385372714488,0.1893814997263273,0.528761685035202,0.5533707865168539,0.3234811165845648,0.5502039113645416,0.5738396624472574,0.4466338259441708,0.5630946251071862,0.5850225225225225,0.5686918445539135,923,0.1756607410580426,0.1102513029199686,0.2393344042264581
wu index,0.5709473834511316,0.536107913472969,0.4278502711716656,0.4422268907563025,0.0864121510673234,0.4695814707377078,0.4894514767932489,0.1904761904761904,0.52717053416949,0.554307116104869,0.3240284619594965,0.5415056893456072,0.5654008438818565,0.4400656814449918,0.5563937480836435,0.5789695945945945,0.5628078817733989,933,0.1418947669022632,0.0769519525951309,0.2047828228742771
tappered_h_index,0.5818876276147641,0.5422123819653797,0.4275027787283612,0.4453781512605042,0.0870279146141215,0.4819740470466677,0.5063291139240507,0.1970443349753694,0.5284031386545458,0.5561797752808989,0.3251231527093596,0.5532807932326977,0.580168776371308,0.451559934318555,0.5651517078334684,0.589527027027027,0.5730706075533661,208,0.1637752552295281,0.0981295780681088,0.2269141143713857
Author/paper,0.4635082458770614,0.4827030238431178,0.4264270934432413,0.4369747899159664,0.0853858784893267,0.4429026745433606,0.4514767932489451,0.1756978653530377,0.4368433016399955,0.4410112359550562,0.257799671592775,0.4498330043071091,0.4556962025316455,0.354679802955665,0.4742593003566756,0.4847972972972973,0.4712643678160919,297,-0.072983508245877,-0.140023559648747,-0.0076439637324195
k dash index,0.5389005497251375,0.5080739121578064,0.4168361560196654,0.3940495116965707,0.0769981804464563,0.412849476807122,0.4008438818565402,0.1559934318555008,0.4523291412993973,0.4550561797752809,0.2660098522167488,0.4976897382762795,0.5105485232067511,0.3973727422003285,0.5445699563461122,0.5658783783783784,0.5500821018062397,265,0.0778010994502749,0.0109848647105019,0.1479097594060111
m_qoutient_index,0.5796687370600415,0.5444991499838259,0.4142757269282933,0.4705882352941176,0.0919540229885057,0.4993459878741682,0.5485232067510548,0.2134646962233169,0.5408401174496553,0.5842696629213483,0.3415435139573071,0.5443741842778128,0.5780590717299579,0.4499178981937602,0.5510383781239316,0.5793918918918919,0.5632183908045977,428,0.159337474120083,0.0948609266795173,0.2208510030698935
h2 lower_index,0.5750296280431213,0.5355253876925714,0.4099378881987577,0.4099378881987575,0.0801028057399871,0.4717312918052516,0.4894514767932489,0.1904761904761904,0.5255446864309362,0.550561797752809,0.3218390804597701,0.556362156098647,0.5822784810126582,0.4532019704433497,0.5609067940717603,0.5827702702702703,0.5665024630541872,216,0.1500592560862426,0.0823779538802026,0.2163219818662096
Total Publication,0.5502434497037195,0.5213425091324799,0.3918906608963151,0.4165666266506602,0.081398076471968,0.4714329236485429,0.5021097046413502,0.1954022988505747,0.4834886398706033,0.5070224719101124,0.2963875205254516,0.5188292553448033,0.5451724993794985,0.4243214527190186,0.5369852639551972,0.5622401247401247,0.5465454086143742,891,0.100486899407439,0.0331086599557363,0.1624235739273219
gF index,0.5502434497037195,0.5213425091324799,0.3918906608963151,0.4165666266506602,0.081398076471968,0.4714329236485429,0.5021097046413502,0.1954022988505747,0.4834886398706033,0.5070224719101124,0.2963875205254516,0.5188292553448033,0.5451724993794985,0.4243214527190186,0.5369852639551972,0.5622401247401247,0.5465454086143742,891,0.100486899407439,0.0331086599557363,0.1624235739273219
gm index,0.5512143928035983,0.5216936719702819,0.3918906608963151,0.4165666266506602,0.081398076471968,0.4714329236485429,0.5021097046413502,0.1954022988505747,0.4834886398706033,0.5070224719101124,0.2963875205254516,0.5188292553448033,0.5451724993794985,0.4243214527190186,0.5369852639551972,0.5622401247401247,0.5465454086143742,872,0.1024287856071965,0.0348930534732634,0.1652633683158421
X index,0.4824416363246948,0.481272250390757,0.3196460284416713,0.319327731092437,0.0623973727422003,0.3746734040966437,0.3881856540084388,0.1510673234811166,0.4416139063746742,0.4672284644194756,0.2731253420908593,0.4688000059909014,0.494863327829756,0.3851645605768545,0.4848196683038316,0.5092342342342342,0.4950191570881225,1008,-0.0351167273506103,-0.1026516741629185,0.0342463054187191
h2 center_index,0.3543014207182123,0.4158905197034062,0.2450861691952416,0.2436974789915966,0.0476190476190476,0.2918602458004126,0.3037974683544304,0.1182266009852216,0.3242085752783561,0.3398876404494382,0.1986863711001642,0.3544066981232708,0.3734177215189873,0.2906403940886699,0.3764892386579194,0.3969594594594595,0.3858784893267651,172,-0.2913971585635753,-0.3547100735346613,-0.2224517741129435
